customer_id,name,signup_date,country
1,Monica Benjamin,2024-09-17,Netherlands Antilles
2,Chad Gonzalez,2024-01-27,Norfolk Island
3,Christina Decker,2023-09-30,Slovakia (Slovak Republic)
4,Amber Norris,2025-01-10,Botswana
5,Alexandra Martin,2023-09-19,Svalbard & Jan Mayen Islands
6,Lori Thompson,2024-09-23,Mexico
7,Sean Mann,2025-03-22,Martinique
8,David Garner,2024-04-27,San Marino
9,Benjamin Johnson,2025-02-09,Jamaica
10,Nicole Hardy,2024-12-14,Guam
11,Tina Hodges,2024-06-08,Malaysia
12,Jason Frazier,2024-09-07,Anguilla
13,Kimberly Pugh,2024-02-19,French Southern Territories
14,James Mathews,2024-03-08,Swaziland
15,Donna Tran MD,2024-10-07,Portugal
16,Clarence Myers,2023-11-20,Micronesia
17,Michael Hanson,2023-06-05,New Caledonia
18,Steve Clark,2024-08-16,Madagascar
19,Mr. Matthew Flynn MD,2023-07-05,Vanuatu
20,Matthew Santiago,2024-04-07,Mongolia
21,Philip Parrish,2025-02-04,Afghanistan
22,Johnny Warren,2025-04-07,Dominican Republic
23,Jon Hanna,2023-11-01,Syrian Arab Republic
24,Timothy Boyle,2023-07-02,Saint Martin
25,David Johnston,2024-12-04,Cote d'Ivoire
26,Robert Fuller,2024-09-11,Venezuela
27,Diana Hardy,2025-01-22,Belarus
28,Joshua Diaz,2023-09-25,Peru
29,Andrea Nguyen,2024-11-17,Slovenia
30,William Wilson,2024-11-14,Bangladesh
31,Joshua Johnson,2025-01-02,Svalbard & Jan Mayen Islands
32,Meredith Ortiz,2023-08-16,Nicaragua
33,Tammy Thompson,2025-01-31,Botswana
34,Adam Watson,2023-11-25,Congo
35,Christina Mclaughlin,2023-09-28,Tanzania
36,Robert Bates,2024-09-02,Sweden
37,Joshua Jones,2024-06-30,Angola
38,Gina Hood,2024-09-07,Tokelau
39,Kelly Greene,2023-08-01,Hungary
40,Julia Curry,2024-04-05,Korea
41,Jamie Brown,2023-10-27,Botswana
42,Nicole Kelly,2024-04-27,Korea
43,Patricia Walker,2024-02-26,Australia
44,Joseph Gonzalez,2024-09-21,Germany
45,Brittany Lane,2025-02-18,Guyana
46,Victor Myers,2025-01-08,Senegal
47,David Nelson,2024-08-09,Croatia
48,Stephanie Gardner,2024-06-09,Malaysia
49,Douglas Gray,2023-12-05,Benin
50,Derek Gutierrez,2024-10-21,Cook Islands
51,Michelle Smith,2024-02-17,Senegal
52,Jeffrey Dominguez,2023-11-24,Saint Lucia
53,Joshua Myers,2024-08-01,Mauritania
54,Harold Burns,2024-09-21,Korea
55,Latoya Ramsey,2023-06-24,Macao
56,Jamie Campbell,2023-05-03,Niue
57,Phillip Wilson,2023-06-07,Korea
58,Stephanie Estrada,2024-11-02,Belize
59,Michael Collins,2024-03-29,Equatorial Guinea
60,Jeffrey Lindsey,2023-12-23,Senegal
61,Mr. Greg Horton,2024-05-31,Trinidad and Tobago
62,Jillian Brock,2024-05-29,Sao Tome and Principe
63,Joe Mathis,2023-12-17,United Kingdom
64,James Nichols,2025-01-01,Maldives
65,Mr. Greg Smith,2024-12-07,Maldives
66,Gregory Buckley,2024-09-06,Nicaragua
67,Kyle Gallagher,2025-03-21,Macao
68,Christopher Snow,2024-05-23,Guinea-Bissau
69,Dylan Martin,2023-07-24,Micronesia
70,Nicholas Mccarty,2023-10-15,Vanuatu
71,Cody Carlson,2023-07-29,Bermuda
72,Jasmine Williams,2024-04-01,American Samoa
73,Crystal Miller,2023-08-19,Martinique
74,Brandon Ayers,2024-05-06,Korea
75,Tanner Adams,2025-03-31,Sweden
76,Joseph Andrews,2023-04-23,Bulgaria
77,Kristin Martin,2024-10-05,Chad
78,Chris Silva,2023-08-04,Angola
79,Christopher Wheeler PhD,2024-07-18,Sri Lanka
80,Jerry Dominguez,2024-12-29,Monaco
81,Joann Johnson,2023-09-14,United States Virgin Islands
82,Kayla White,2024-11-27,China
83,Brandon Bruce,2023-07-21,Romania
84,Richard Schneider,2024-09-18,Togo
85,Stephen Oliver,2023-09-02,Greece
86,Jimmy Johnson,2024-11-08,Cook Islands
87,Mark Weiss,2023-04-23,Mayotte
88,David Nguyen,2024-08-25,American Samoa
89,Michelle Lara,2024-06-01,New Zealand
90,Craig Dunn,2024-06-14,Libyan Arab Jamahiriya
91,Teresa Anderson,2025-02-22,Northern Mariana Islands
92,Natasha Robinson,2024-03-21,Burundi
93,Jeffery Bennett,2023-05-20,Saint Barthelemy
94,Matthew Washington,2025-01-28,Norway
95,Mr. Christopher Luna,2025-03-12,Samoa
96,Bryan Russell,2024-12-20,Slovakia (Slovak Republic)
97,Ronald Smith,2024-08-01,Macedonia
98,Rachel Williams,2024-12-08,Madagascar
99,Alyssa Davis,2024-01-20,Burkina Faso
100,Karen Gordon,2024-06-06,Denmark
